[{"model": "contenttypes.contenttype", "pk": 1, "fields": {"app_label": "admin", "model": "logentry"}}, {"model": "contenttypes.contenttype", "pk": 2, "fields": {"app_label": "auth", "model": "permission"}}, {"model": "contenttypes.contenttype", "pk": 3, "fields": {"app_label": "auth", "model": "group"}}, {"model": "contenttypes.contenttype", "pk": 4, "fields": {"app_label": "auth", "model": "user"}}, {"model": "contenttypes.contenttype", "pk": 5, "fields": {"app_label": "contenttypes", "model": "contenttype"}}, {"model": "contenttypes.contenttype", "pk": 6, "fields": {"app_label": "sessions", "model": "session"}}, {"model": "contenttypes.contenttype", "pk": 7, "fields": {"app_label": "sites", "model": "site"}}, {"model": "contenttypes.contenttype", "pk": 8, "fields": {"app_label": "flatpages", "model": "flatpage"}}, {"model": "contenttypes.contenttype", "pk": 9, "fields": {"app_label": "main", "model": "tag"}}, {"model": "contenttypes.contenttype", "pk": 10, "fields": {"app_label": "main", "model": "good"}}, {"model": "contenttypes.contenttype", "pk": 11, "fields": {"app_label": "main", "model": "seller"}}, {"model": "contenttypes.contenttype", "pk": 12, "fields": {"app_label": "main", "model": "category"}}, {"model": "contenttypes.contenttype", "pk": 13, "fields": {"app_label": "main", "model": "manufacturer"}}, {"model": "contenttypes.contenttype", "pk": 14, "fields": {"app_label": "main", "model": "profile"}}, {"model": "contenttypes.contenttype", "pk": 15, "fields": {"app_label": "thumbnail", "model": "kvstore"}}, {"model": "contenttypes.contenttype", "pk": 16, "fields": {"app_label": "account", "model": "emailaddress"}}, {"model": "contenttypes.contenttype", "pk": 17, "fields": {"app_label": "account", "model": "emailconfirmation"}}, {"model": "contenttypes.contenttype", "pk": 18, "fields": {"app_label": "socialaccount", "model": "socialaccount"}}, {"model": "contenttypes.contenttype", "pk": 19, "fields": {"app_label": "socialaccount", "model": "socialapp"}}, {"model": "contenttypes.contenttype", "pk": 20, "fields": {"app_label": "socialaccount", "model": "socialtoken"}}, {"model": "contenttypes.contenttype", "pk": 21, "fields": {"app_label": "main", "model": "subscriber"}}, {"model": "contenttypes.contenttype", "pk": 22, "fields": {"app_label": "django_celery_results", "model": "taskresult"}}, {"model": "contenttypes.contenttype", "pk": 23, "fields": {"app_label": "django_celery_results", "model": "chordcounter"}}, {"model": "contenttypes.contenttype", "pk": 24, "fields": {"app_label": "django_celery_beat", "model": "crontabschedule"}}, {"model": "contenttypes.contenttype", "pk": 25, "fields": {"app_label": "django_celery_beat", "model": "intervalschedule"}}, {"model": "contenttypes.contenttype", "pk": 26, "fields": {"app_label": "django_celery_beat", "model": "periodictask"}}, {"model": "contenttypes.contenttype", "pk": 27, "fields": {"app_label": "django_celery_beat", "model": "periodictasks"}}, {"model": "contenttypes.contenttype", "pk": 28, "fields": {"app_label": "django_celery_beat", "model": "solarschedule"}}, {"model": "contenttypes.contenttype", "pk": 29, "fields": {"app_label": "django_celery_beat", "model": "clockedschedule"}}, {"model": "contenttypes.contenttype", "pk": 30, "fields": {"app_label": "main", "model": "smslog"}}, {"model": "sessions.session", "pk": "2xfgyx7ee0np5a0o30hia4q0v7s5l9g8", "fields": {"session_data": "e30:1layQq:zJ0dn8G_42qsjiPPDN2DpTmfUFc-TpI1YlkGnQRcfUw", "expire_date": "2021-05-10T10:25:36.195Z"}}, {"model": "sessions.session", "pk": "4f5xk7g9jh9lhq8b10macmbl643ebp50", "fields": {"session_data": ".eJxVjU0OgyAQhe_CujGgKOCuXoSMw0wkNdgIJm2a3r3auGiX7-97L-FhK5PfMq0-BtELJS6_3gh4o3QEMM-HXQHisqVSfTtnnKvrriiViFDikoZz9YeaIE87p1HQGVJBBwAix2yVYdNoa1Gx1kEycHCdZQwqGHRUtziOXS0tc-ukPqCZct5vPD3ucX2KXr4_975Eiw:1lTPdo:9Ksiokpiqc2b5WzlaOmPYdzRpFX3iKo-UptQB59c-rA", "expire_date": "2021-04-19T13:51:44.754Z"}}, {"model": "sessions.session", "pk": "4hz4h09sbusn60zpzug5o1q4qmyxwmk7", "fields": {"session_data": ".eJxVjU0OgyAQhe_CujGgKOCuXoSMw0wkNdgIJm2a3r3auGiX7-97L-FhK5PfMq0-BtELJS6_3gh4o3QEMM-HXQHisqVSfTtnnKvrriiViFDikoZz9YeaIE87p1HQGVJBBwAix2yVYdNoa1Gx1kEycHCdZQwqGHRUtziOXS0tc-ukPqCZct5vPD3ucX2KXr4_975Eiw:1lTLlQ:kNLfnnTBVMC_19kS8zaXzUAODOt3WzK3-1YyBgXTlKY", "expire_date": "2021-04-19T09:43:20.384Z"}}, {"model": "sessions.session", "pk": "8zt5sqmqpr5nh3rq71exotrjdvj3nyt2", "fields": {"session_data": "eyJzb2NpYWxhY2NvdW50X3N0YXRlIjpbeyJwcm9jZXNzIjoibG9naW4iLCJzY29wZSI6IiIsImF1dGhfcGFyYW1zIjoiIn0sInozcjlUM0J3ZE5UMSJdfQ:1lTSYB:ex5KqAJDgzkcuz7ZwmsOHQOhuqQ0VRcf-TLbo9q-KR0", "expire_date": "2021-04-19T16:58:07.651Z"}}, {"model": "sessions.session", "pk": "bsom0863b0nq7sjnxpupsoz1s9mpjoah", "fields": {"session_data": "e30:1layRg:r9CV8eA5lZP1qntAfcGZTlbJLZ-FMKzmFenCFulwVt0", "expire_date": "2021-05-10T10:26:28.089Z"}}, {"model": "sessions.session", "pk": "fj75o612cex8mhu7v1iaa9oxp9az1of7", "fields": {"session_data": "eyJhY2NvdW50X3ZlcmlmaWVkX2VtYWlsIjpudWxsLCJhY2NvdW50X3VzZXIiOiJhIn0:1lTR5C:khEhYuVhtr3Xu9IRzFeY03xjZtqGIywlgDX3w9QgJfc", "expire_date": "2021-04-19T15:24:06.720Z"}}, {"model": "sessions.session", "pk": "hhhsjdzgg09dqk8jbmx90x4kdyxaj2h1", "fields": {"session_data": ".eJxVjMsOwiAQRf-FtSHQUh4u3fsNZGBmpGogKe3K-O_apAvd3nPOfYkI21ri1mmJM4qz0OL0uyXID6o7wDvUW5O51XWZk9wVedAurw3peTncv4MCvXzrUYN1pNEgAFFg9tqxG433WbMxqBgYg_WcUaPLgYYpp2QH5ZmnoIx4fwALYzja:1lQuAt:X2rHKeDR0_HzE17FeI-kxwFmGbcA4dZ2VVyZX1Plu30", "expire_date": "2021-04-12T15:51:31.386Z"}}, {"model": "sessions.session", "pk": "mq8v2jslvfj1l26h3zkccmphs7m8c3o5", "fields": {"session_data": ".eJxVjMsOwiAQRf-FtSHQUh4u3fsNZGBmpGogKe3K-O_apAvd3nPOfYkI21ri1mmJM4qz0OL0uyXID6o7wDvUW5O51XWZk9wVedAurw3peTncv4MCvXzrUYN1pNEgAFFg9tqxG433WbMxqBgYg_WcUaPLgYYpp2QH5ZmnoIx4fwALYzja:1lQxVO:fxyRUBdhFqfC5xBoWLgJO7vm-qL5fDHiczbtF0FKfS8", "expire_date": "2021-04-12T19:24:54.869Z"}}, {"model": "sessions.session", "pk": "rbrdyhbi3a7dpcyryidwp5qg9pmwrko4", "fields": {"session_data": ".eJxVjEEOwiAQRe_C2hBoaYEu3XuGZmBmLGrAlDbRGO-uTbrQ7X_vv5cYYV2mca00jwnFILQ4_G4B4pXyBvAC-VxkLHmZU5CbInda5akg3Y67-xeYoE7fd6uht6TRIACRZ3basm2Nc1GzMagYGH3vOKJGGz01XQyhb5Rj7rwyW7RSrankkR73ND_FoN4fxrJAFw:1lWFcX:qIOqLP1Teq0alVe9Y1qJP-YtOj-J6Uaui7JTiHnpggk", "expire_date": "2021-04-27T09:46:09.893Z"}}, {"model": "sessions.session", "pk": "tvu0dzv63yh19l8dkm7axsszok1j7zma", "fields": {"session_data": ".eJylVFtzmkAU_istz6KLAgGfSrSJ19RLQqJth1lhQSKwsCwqZvzv3QVMdKbNZBofjufsuc73ncOLkGLbhwG0bZxF1CqtAHt-JLRfhOqZq74jtKMsCGpCliJivZkxwVvfQURoCx7GXoAEFsLdggRUIMu6qmlKS2upsqLp4Ip5A5hSq-pR1nAgRdYz9iP0WhbtKYEWc8BT93_WQyH0A-bPDpBS9M3jZt3GIXNtEfFdHzlWFUNJhmpCBEPE4n9lQJYAl61VIZVCQi5lqdBLr1NIuXgHX_hfs3Sjt4RKX53pTTaA529RZH2qIaviwtAP8vMyHx4g9m2aEZ62pjRO241GsJbrJVOcSRtHFEWU49UQrYWk3yywNZuNG8brr3-mGw1jvMwyO3KjybDb0-fd_Uh8agYpTpRBrO_gEO8aqa6KdiNeY4rrz7HHKcc2DPgQJBOOx3KHLrcqhmm6w4Tz_LUXQO1qMpE6w--m3OtMl49b5Gqm_hQ26aaVJHiSUsP0zL_ukp9aaRYjUrZwYZCisl-FHofTJyzrs6QUrf-Hknf2lQ9Poeu-Ds4eoE3ZEp129-JUhCZoSiKQRaDcA70tSe2WVFeAtBQYxqwQRRxkdqE2SlMWXgLFXDaOKyxgRtdWDAkMeQDPK8azoOMQloTY6893rv8Dt3eaPCZ-CElemsffNYHiDYoutwDGcVFcqp2-PWe9qnghh029DoHh9tT52Fh1lvJsJM4f7P522TXWmdpBiMzupxvT3uTG8-1BHHjdaZ6MVfN-tBp0dwtNQuOwf53f_pAPwfXGUMf2A93uD0kyXCohHt3unuidltCplXhybkaj6DHv9Wl2Ex7u7nbaCFjNRXc-0JyxSUG0U6Ax01pivoqS-XCTZf3FjVBNa6XIJoiWUKN97DNMLUgvmZNAwRyosz1kzB2PfwCGpMbD:1lTLGd:WdEq4exSF_UWL9WcHmfYa41ro_sI2awLLe_3BoSkon0", "expire_date": "2021-04-19T09:11:31.505Z"}}, {"model": "sessions.session", "pk": "u879e557xrtualktu5owyd6eqkaf8xgz", "fields": {"session_data": ".eJxVjU0OgyAQhe_CujGgKOCuXoSMw0wkNdgIJm2a3r3auGiX7-97L-FhK5PfMq0-BtELJS6_3gh4o3QEMM-HXQHisqVSfTtnnKvrriiViFDikoZz9YeaIE87p1HQGVJBBwAix2yVYdNoa1Gx1kEycHCdZQwqGHRUtziOXS0tc-ukPqCZct5vPD3ucX2KXr4_975Eiw:1lWMja:FeI1LZfQvmWX9CQGj0nIpI4gfXS0UMvfzaBj8C4ZSo8", "expire_date": "2021-04-27T17:21:54.885Z"}}, {"model": "sessions.session", "pk": "uyy4umtigo1boc5co6jb9evs5t4ab48t", "fields": {"session_data": ".eJxVjU0OgyAQhe_CujGgKOCuXoSMw0wkNdgIJm2a3r3auGiX7-97L-FhK5PfMq0-BtELJS6_3gh4o3QEMM-HXQHisqVSfTtnnKvrriiViFDikoZz9YeaIE87p1HQGVJBBwAix2yVYdNoa1Gx1kEycHCdZQwqGHRUtziOXS0tc-ukPqCZct5vPD3ucX2KXr4_975Eiw:1lTgZo:XJVEdwi8rNfR18rCt8CNRfaA1ZIWXsellC1dL1nRl5Y", "expire_date": "2021-04-20T07:56:44.771Z"}}, {"model": "sessions.session", "pk": "uzgsloc2qymgd864irdy1vg1l1n4ulde", "fields": {"session_data": ".eJxVjsuOwjAMRX8lyhpVDYQ2Zcf8xCwj1w8aAQlqUgmE5t8nRSxg6Xvsc_3UHpYy-SXz7APpgzZ685mNgGeOK4DLZY0bQExLLM1r541zc6wTxxIQSkjx5331pZogT9WzM9D1bMgSAPMg4kwv_c46h0aspVZAaOicIBnqceDtHsex27ZOZD-0dpVmzrnWeL7fwvzQh3ajMUUJ89VfK4IT16JfVrm-pKyicApFYSJWJalHWmZ1m1Jk_fcPwTlXrQ:1lWfG8:eE0JwQSblQXNbHseqSnX9EYoZt_F1F2KyIXT8tq4zSc", "expire_date": "2021-04-28T13:08:44.254Z"}}, {"model": "sessions.session", "pk": "v9hi6htncyn59f5qva3uyk968k9nd8g2", "fields": {"session_data": ".eJxVjU0OgyAQhe_CujGgKOCuXoSMw0wkNdgIJm2a3r3auGiX7-97L-FhK5PfMq0-BtELJS6_3gh4o3QEMM-HXQHisqVSfTtnnKvrriiViFDikoZz9YeaIE87p1HQGVJBBwAix2yVYdNoa1Gx1kEycHCdZQwqGHRUtziOXS0tc-ukPqCZct5vPD3ucX2KXr4_975Eiw:1lWHb1:uPUG2rQf19jgZRMoNHGdPUJYmvMPmB_aAS3YbUPpDjk", "expire_date": "2021-04-27T11:52:43.153Z"}}, {"model": "sessions.session", "pk": "w55632uedmr07c3y9cicnt6splimdwa4", "fields": {"session_data": ".eJxVjsuOwjAMRX8lyhpVDYQ2Zcf8xCwj1w8aAQlqUgmE5t8nRSxg6Xvsc_3UHpYy-SXz7APpgzZ685mNgGeOK4DLZY0bQExLLM1r541zc6wTxxIQSkjx5331pZogT9WzM9D1bMgSAPMg4kwv_c46h0aspVZAaOicIBnqceDtHsex27ZOZD-0dpVmzrnWeL7fwvzQh3ajMUUJ89VfK4IT16JfVrm-pKyicApFYSJWJalHWmZ1m1Jk_fcPwTlXrQ:1lWdZg:yjP6lxKr8l7bH-KzevIo5ixYMB41fXWsosa03KZHQwc", "expire_date": "2021-04-28T11:20:48.368Z"}}, {"model": "sessions.session", "pk": "whuuk6tr8be0ro2medckih9qa98x1qgw", "fields": {"session_data": ".eJxVjMsOwiAQRf-FtSHQUh4u3fsNZGBmpGogKe3K-O_apAvd3nPOfYkI21ri1mmJM4qz0OL0uyXID6o7wDvUW5O51XWZk9wVedAurw3peTncv4MCvXzrUYN1pNEgAFFg9tqxG433WbMxqBgYg_WcUaPLgYYpp2QH5ZmnoIx4fwALYzja:1lOMuo:apnMCf5kVSnQTSYVWJpFKPWTmMb_j9GluyckMoIxTIE", "expire_date": "2021-04-05T15:56:26.262Z"}}, {"model": "sessions.session", "pk": "xd8hqk3s2kay9l25oxnba9jrtmox97vq", "fields": {"session_data": ".eJxVjEEOgyAURO_CujEICHx37UXIFz6RlGKi0E3Tu1cbNy7nzcz7MPR-aaW6N60pJgqOXpgyG0vL-cYctjq7ttHqUmAjE-zCJvRPKkeBOR-4O3Xdf3PWW3ffE5WaPNa0lMf5uqhm3ObdE3tED0NQwZDVtpfcaxsUKS6VVBxASzHBJIBLbowIUVCMA-qICIaDZd8fcWNHLg:1lTLH1:nTkKxrNNWcCXG7glfSkk1YDA5tCRNU1JB2HRpezSqvY", "expire_date": "2021-04-19T09:11:55.790Z"}}, {"model": "sessions.session", "pk": "ykiszg6m7f3itoio38va355qf1o87ema", "fields": {"session_data": ".eJxVjEEOgyAQRe_C2hgRFHDXXoQMzBBJKSYVuml696oxTVzOe3_eh4H3S83FvukVQyS09ISY2JRrSs3f1pVebGJcsIZZqGU-iI24QWGu0IF_UN4NpLTj9qy0x-bUa3vbLsoleihxyffz65KaYZ23jtKyd6YznBORQmdo1IOhvnM8jEr5TnOJGIIAHYyQEjWOgxC-V14rjQP7_gBn_04O:1lYmO5:Bn5aj0eqdYNRttXPmXvfN4qBpvWksCgkyz-iS-WA3Y0", "expire_date": "2021-05-04T09:09:41.067Z"}}, {"model": "sessions.session", "pk": "z6bja96lxn4rhpzvpv7crlj7xjmlvwyb", "fields": {"session_data": ".eJxVjMsOwiAQRf-FtSHQUh4u3fsNZGBmpGogKe3K-O_apAvd3nPOfYkI21ri1mmJM4qz0OL0uyXID6o7wDvUW5O51XWZk9wVedAurw3peTncv4MCvXzrUYN1pNEgAFFg9tqxG433WbMxqBgYg_WcUaPLgYYpp2QH5ZmnoIx4fwALYzja:1lQtd3:KsjJEvmkvevmFI0Y8FajelyUS0fV6J6VIc8-_cIKWGg", "expire_date": "2021-04-12T15:16:33.572Z"}}, {"model": "sites.site", "pk": 1, "fields": {"domain": "example.com", "name": "example.com"}}, {"model": "flatpages.flatpage", "pk": 1, "fields": {"url": "/contacts/", "title": "Контакты", "content": "Соколов Александр: uzatte@gmail.com", "enable_comments": false, "template_name": "main/index.html", "registration_required": false, "sites": [["example.com"]]}}, {"model": "flatpages.flatpage", "pk": 2, "fields": {"url": "/about/", "title": "О нас", "content": "<p>Добро пожаловать на нашу e-commerce площадку!</p>", "enable_comments": false, "template_name": "main/index.html", "registration_required": false, "sites": [["example.com"]]}}, {"model": "flatpages.flatpage", "pk": 3, "fields": {"url": "/delivery/", "title": "Доставка и оплата", "content": "<p>Здесь будет информация по доставке и оплате.</p>", "enable_comments": false, "template_name": "main/index.html", "registration_required": false, "sites": [["example.com"]]}}, {"model": "main.tag", "pk": 1, "fields": {"name": "Носимая электроника"}}, {"model": "main.tag", "pk": 2, "fields": {"name": "Apple"}}, {"model": "main.tag", "pk": 3, "fields": {"name": "Ноутбук"}}, {"model": "main.tag", "pk": 4, "fields": {"name": "Телефон"}}, {"model": "main.tag", "pk": 5, "fields": {"name": "До 30 000"}}, {"model": "main.category", "pk": 1, "fields": {"name": "Default Category", "description": "Default Category"}}, {"model": "main.category", "pk": 2, "fields": {"name": "Laptops", "description": "Laptops and Notebooks"}}, {"model": "main.category", "pk": 3, "fields": {"name": "Phones", "description": "Phones"}}, {"model": "main.category", "pk": 4, "fields": {"name": "Watches", "description": "Electronic Watches"}}, {"model": "main.category", "pk": 5, "fields": {"name": "Tablets", "description": "Tablets"}}, {"model": "main.seller", "pk": 1, "fields": {"name": "default seller", "description": "default seller", "email": "default@default.com", "address": "default address"}}, {"model": "main.manufacturer", "pk": 1, "fields": {"name": "Apple Inc.", "description": "Apple Company"}}, {"model": "main.manufacturer", "pk": 2, "fields": {"name": "Samsung ", "description": "Samsung Cimpany"}}, {"model": "main.manufacturer", "pk": 3, "fields": {"name": "Acer", "description": "Acer Company"}}, {"model": "main.manufacturer", "pk": 4, "fields": {"name": "Xiaomi", "description": "Xiaomi Company"}}, {"model": "main.good", "pk": 1, "fields": {"name": "Apple MacBook", "description": "Apple MacBook", "price": "140000.00", "category": 2, "seller": 1, "manufacturer": 1, "image": "default.png", "publish_date": "2020-04-06", "in_stock": 1, "tags": [2, 3]}}, {"model": "main.good", "pk": 2, "fields": {"name": "Apple iPhone 12", "description": "Apple iPhone", "price": "120000.00", "category": 3, "seller": 1, "manufacturer": 3, "image": "default.png", "publish_date": "2019-04-06", "in_stock": 1, "tags": [2]}}, {"model": "main.good", "pk": 3, "fields": {"name": "Samsung Galaxy 40", "description": "Samsung Galaxy", "price": "100000.00", "category": 3, "seller": 1, "manufacturer": 2, "image": "default.png", "publish_date": "2021-02-26", "in_stock": 1, "tags": [1]}}, {"model": "main.good", "pk": 4, "fields": {"name": "Acer Nitro", "description": "Acer Laptop", "price": "130000.00", "category": 2, "seller": 1, "manufacturer": 3, "image": "default.png", "publish_date": "2021-03-06", "in_stock": 1, "tags": [3]}}, {"model": "main.good", "pk": 5, "fields": {"name": "Galaxy Watch", "description": "Galaxy Watch", "price": "25000.00", "category": 4, "seller": 1, "manufacturer": 2, "image": "default.png", "publish_date": "2021-04-06", "in_stock": 1, "tags": [1, 5]}}, {"model": "main.good", "pk": 6, "fields": {"name": "Apple Watch", "description": "Apple Watch", "price": "35000.00", "category": 4, "seller": 1, "manufacturer": 1, "image": "default.png", "publish_date": "2021-03-29", "in_stock": 1, "tags": [1, 2]}}, {"model": "main.good", "pk": 7, "fields": {"name": "Xiaomi Mi Watch", "description": "Xiaomi Watch", "price": "15000.00", "category": 4, "seller": 1, "manufacturer": 4, "image": "default.png", "publish_date": "2021-03-29", "in_stock": 1, "tags": [1, 5]}}, {"model": "main.good", "pk": 8, "fields": {"name": "Xiaomi Air Pro", "description": "Xiaomi Notebook", "price": "70000.00", "category": 2, "seller": 1, "manufacturer": 4, "image": "default.png", "publish_date": "2021-03-29", "in_stock": 1, "tags": [3]}}, {"model": "main.good", "pk": 9, "fields": {"name": "Xiaomi Mi Pad", "description": "Xiaomi Tablet1", "price": "15000.00", "category": 5, "seller": 1, "manufacturer": 4, "image": "default.png", "publish_date": "2021-03-28", "in_stock": 1, "tags": [5]}}, {"model": "main.good", "pk": 10, "fields": {"name": "iPad", "description": "Apple iPad", "price": "35000.00", "category": 5, "seller": 1, "manufacturer": 1, "image": "default.png", "publish_date": "2021-03-28", "in_stock": 1, "tags": [2]}}, {"model": "main.good", "pk": 11, "fields": {"name": "Samsung Galaxy Tab", "description": "Samsung Tablet", "price": "23000.00", "category": 5, "seller": 1, "manufacturer": 2, "image": "default.png", "publish_date": "2021-03-28", "in_stock": 1, "tags": [5]}}, {"model": "main.good", "pk": 12, "fields": {"name": "Acer Aspire 7", "description": "Acer Laptop", "price": "80000.00", "category": 2, "seller": 1, "manufacturer": 3, "image": "default.png", "publish_date": "2021-04-06", "in_stock": 1, "tags": []}}, {"model": "main.good", "pk": 13, "fields": {"name": "Test Good", "description": "test", "price": "29000.00", "category": 3, "seller": 1, "manufacturer": 2, "image": "default.png", "publish_date": "2021-04-06", "in_stock": 1, "tags": [1, 5]}}, {"model": "main.good", "pk": 14, "fields": {"name": "test", "description": "test", "price": "35678.00", "category": 3, "seller": 1, "manufacturer": 1, "image": "default.png", "publish_date": "2021-04-06", "in_stock": 1, "tags": [2]}}, {"model": "main.good", "pk": 15, "fields": {"name": "new_test1", "description": "new", "price": "2321312.00", "category": 2, "seller": 1, "manufacturer": 1, "image": "default.png", "publish_date": "2021-04-06", "in_stock": 1, "tags": [4]}}, {"model": "main.good", "pk": 16, "fields": {"name": "newnew", "description": "dsadasd", "price": "34343.00", "category": 4, "seller": 1, "manufacturer": 1, "image": "default.png", "publish_date": "2021-04-06", "in_stock": 1, "tags": [4]}}, {"model": "main.good", "pk": 17, "fields": {"name": "Классный товар", "description": "Описание", "price": "222222.00", "category": 4, "seller": 1, "manufacturer": 1, "image": "default.png", "publish_date": "2021-04-06", "in_stock": 1, "tags": [4]}}, {"model": "main.good", "pk": 18, "fields": {"name": "dasdsad", "description": "asdasd", "price": "213123.00", "category": 1, "seller": 1, "manufacturer": 1, "image": "default.png", "publish_date": "2021-04-10", "in_stock": 1, "tags": [3]}}, {"model": "main.good", "pk": 19, "fields": {"name": "new_goof1", "description": "dsad", "price": "23213.00", "category": 1, "seller": 1, "manufacturer": 2, "image": "default.png", "publish_date": "2021-04-13", "in_stock": 1, "tags": [3]}}, {"model": "main.good", "pk": 20, "fields": {"name": "dasd", "description": "asdasd", "price": "123123.00", "category": 2, "seller": 1, "manufacturer": 2, "image": "default.png", "publish_date": "2021-04-13", "in_stock": 1, "tags": [3]}}, {"model": "main.good", "pk": 21, "fields": {"name": "qwewqe", "description": "qweqw", "price": "213123.00", "category": 2, "seller": 1, "manufacturer": 2, "image": "default.png", "publish_date": "2021-04-13", "in_stock": 1, "tags": [3]}}, {"model": "main.good", "pk": 22, "fields": {"name": "rtk-it-api", "description": "dasdasd", "price": "123123.00", "category": 1, "seller": 1, "manufacturer": 1, "image": "default.png", "publish_date": "2021-04-13", "in_stock": 1, "tags": [3]}}, {"model": "main.good", "pk": 23, "fields": {"name": "123312", "description": "dasdasd", "price": "21312.00", "category": 2, "seller": 1, "manufacturer": 2, "image": "default.png", "publish_date": "2021-04-13", "in_stock": 1, "tags": [3]}}, {"model": "main.good", "pk": 24, "fields": {"name": "test111", "description": "dasdasd", "price": "123123.00", "category": 2, "seller": 1, "manufacturer": 1, "image": "default.png", "publish_date": "2021-04-13", "in_stock": 1, "tags": [3]}}, {"model": "main.good", "pk": 25, "fields": {"name": "test123123", "description": "asdasd", "price": "213213.00", "category": 1, "seller": 1, "manufacturer": 1, "image": "default.png", "publish_date": "2021-04-13", "in_stock": 1, "tags": []}}, {"model": "main.good", "pk": 26, "fields": {"name": "testr", "description": "2123123", "price": "22323.00", "category": 1, "seller": 1, "manufacturer": 2, "image": "default.png", "publish_date": "2021-04-13", "in_stock": 1, "tags": []}}, {"model": "main.good", "pk": 27, "fields": {"name": "dsd", "description": "12312", "price": "2323.00", "category": 1, "seller": 1, "manufacturer": 1, "image": "default.png", "publish_date": "2021-04-13", "in_stock": 1, "tags": [2]}}, {"model": "main.good", "pk": 28, "fields": {"name": "123123", "description": "dsada", "price": "23213.00", "category": 2, "seller": 1, "manufacturer": 1, "image": "default.png", "publish_date": "2021-04-13", "in_stock": 1, "tags": [3]}}, {"model": "main.good", "pk": 29, "fields": {"name": "34234", "description": "dasdas", "price": "3434.00", "category": 2, "seller": 1, "manufacturer": 1, "image": "default.png", "publish_date": "2021-04-13", "in_stock": 1, "tags": []}}, {"model": "main.good", "pk": 30, "fields": {"name": "dsadas", "description": "asdasdas", "price": "34343.00", "category": 2, "seller": 1, "manufacturer": 2, "image": "default.png", "publish_date": "2021-04-13", "in_stock": 1, "tags": []}}, {"model": "main.good", "pk": 31, "fields": {"name": "test1231232", "description": "sadasd", "price": "32434.00", "category": 1, "seller": 1, "manufacturer": 1, "image": "default.png", "publish_date": "2021-04-13", "in_stock": 1, "tags": []}}, {"model": "main.good", "pk": 32, "fields": {"name": "545345asd", "description": "eqwe", "price": "342.00", "category": 1, "seller": 1, "manufacturer": 2, "image": "default.png", "publish_date": "2021-04-13", "in_stock": 1, "tags": []}}, {"model": "main.good", "pk": 33, "fields": {"name": "dasdas", "description": "asdasd", "price": "2323.00", "category": 2, "seller": 1, "manufacturer": 1, "image": "default.png", "publish_date": "2021-04-13", "in_stock": 1, "tags": []}}, {"model": "main.good", "pk": 34, "fields": {"name": "czxczxc", "description": "123123123", "price": "2321312.00", "category": 1, "seller": 1, "manufacturer": 2, "image": "default.png", "publish_date": "2021-04-13", "in_stock": 1, "tags": []}}, {"model": "main.good", "pk": 35, "fields": {"name": "host123123", "description": "123123", "price": "2131231.00", "category": 1, "seller": 1, "manufacturer": 4, "image": "default.png", "publish_date": "2021-04-13", "in_stock": 1, "tags": [2]}}, {"model": "main.good", "pk": 36, "fields": {"name": "312312312313", "description": "12312312", "price": "3123123.00", "category": 2, "seller": 1, "manufacturer": 1, "image": "default.png", "publish_date": "2021-04-13", "in_stock": 1, "tags": [2]}}, {"model": "main.good", "pk": 37, "fields": {"name": "host1111", "description": "dsadasd", "price": "3123123.00", "category": 1, "seller": 1, "manufacturer": 1, "image": "default.png", "publish_date": "2021-04-13", "in_stock": 1, "tags": [4]}}, {"model": "main.good", "pk": 38, "fields": {"name": "asdasd111", "description": "dasdas", "price": "3213.00", "category": 1, "seller": 1, "manufacturer": 3, "image": "default.png", "publish_date": "2021-04-13", "in_stock": 1, "tags": [4]}}, {"model": "main.good", "pk": 39, "fields": {"name": "2354235sad", "description": "1123123", "price": "34123123.00", "category": 1, "seller": 1, "manufacturer": 2, "image": "default.png", "publish_date": "2021-04-13", "in_stock": 1, "tags": [4]}}, {"model": "main.good", "pk": 40, "fields": {"name": "123123123", "description": "dsadasd", "price": "1312312.00", "category": 1, "seller": 1, "manufacturer": 2, "image": "default.png", "publish_date": "2021-04-13", "in_stock": 1, "tags": []}}, {"model": "main.good", "pk": 41, "fields": {"name": "312321312sdad", "description": "asdasd", "price": "122123.00", "category": 1, "seller": 1, "manufacturer": 1, "image": "default.png", "publish_date": "2021-04-13", "in_stock": 1, "tags": [2]}}, {"model": "thumbnail.kvstore", "pk": "sorl-thumbnail||image||1d7c7357f30a6ec4166f8de591d98337", "fields": {"value": "{\"name\": \"cache/77/2e/772ea8f16e8c0edaf864df20c1a33c5c.jpg\", \"storage\": \"django.core.files.storage.FileSystemStorage\", \"size\": [200, 200]}"}}, {"model": "thumbnail.kvstore", "pk": "sorl-thumbnail||image||210d77b4b32a0e1ca5fac238bc9e4f04", "fields": {"value": "{\"name\": \"cache/8d/f8/8df8acd36964460e92396229f435c767.jpg\", \"storage\": \"django.core.files.storage.FileSystemStorage\", \"size\": [250, 200]}"}}, {"model": "thumbnail.kvstore", "pk": "sorl-thumbnail||image||250a03fccba2ef293174abe2505ffdfe", "fields": {"value": "{\"name\": \"default.png\", \"storage\": \"django.core.files.storage.FileSystemStorage\", \"size\": [512, 512]}"}}, {"model": "thumbnail.kvstore", "pk": "sorl-thumbnail||image||2fa3d61f865ea8cd673c5d4aa559ed7e", "fields": {"value": "{\"name\": \"cache/4a/9d/4a9d3973a69662da9d9882957689a841.jpg\", \"storage\": \"django.core.files.storage.FileSystemStorage\", \"size\": [100, 100]}"}}, {"model": "thumbnail.kvstore", "pk": "sorl-thumbnail||image||6ac64f322733d310fd0b74cd0cb550ea", "fields": {"value": "{\"name\": \"cache/9e/b2/9eb24cf6d8182a5d95e9c5d7418b0f21.jpg\", \"storage\": \"django.core.files.storage.FileSystemStorage\", \"size\": [50, 50]}"}}, {"model": "thumbnail.kvstore", "pk": "sorl-thumbnail||image||ef534b0fd950baba6b8c3f6792da52ee", "fields": {"value": "{\"name\": \"cache/6e/d3/6ed338278cfa68f4337f1c4927244dbd.jpg\", \"storage\": \"django.core.files.storage.FileSystemStorage\", \"size\": [45, 45]}"}}, {"model": "thumbnail.kvstore", "pk": "sorl-thumbnail||image||fa69d4e537a9d7434708ccf76cc6882d", "fields": {"value": "{\"name\": \"cache/03/23/032384c54b34ce8376d404ea236a816e.jpg\", \"storage\": \"django.core.files.storage.FileSystemStorage\", \"size\": [250, 150]}"}}, {"model": "thumbnail.kvstore", "pk": "sorl-thumbnail||thumbnails||250a03fccba2ef293174abe2505ffdfe", "fields": {"value": "[\"210d77b4b32a0e1ca5fac238bc9e4f04\", \"2fa3d61f865ea8cd673c5d4aa559ed7e\", \"1d7c7357f30a6ec4166f8de591d98337\", \"fa69d4e537a9d7434708ccf76cc6882d\", \"ef534b0fd950baba6b8c3f6792da52ee\", \"6ac64f322733d310fd0b74cd0cb550ea\"]"}}, {"model": "socialaccount.socialapp", "pk": 1, "fields": {"provider": "google", "name": "Google", "client_id": "1014610342819-nt8rrjce96thd079eiinfcrhik1larj2.apps.googleusercontent.com", "secret": "bMVT3_KTfRYl6kxD8USBgUNa", "key": "", "sites": [["example.com"]]}}, {"model": "socialaccount.socialtoken", "pk": 2, "fields": {"app": 1, "account": 2, "token": "ya29.a0AfH6SMAjiTp7VhkIo349WvudF4Tqzir44r9FYJJqcjfjto1izC_zLM3g6rIBXtARlAnFw-o9w3zbWnTXAK1J6z8QEHb1SejBfCljYsDj9Fm0jJ2pxeWS3TPkbTX2kX3mZtSIxr0YlPqvhZ4lCWW4-FjimUGK", "token_secret": "", "expires_at": "2021-04-05T18:04:29.099Z"}}, {"model": "auth.permission", "pk": 1, "fields": {"name": "Can add log entry", "content_type": ["admin", "logentry"], "codename": "add_logentry"}}, {"model": "auth.permission", "pk": 2, "fields": {"name": "Can change log entry", "content_type": ["admin", "logentry"], "codename": "change_logentry"}}, {"model": "auth.permission", "pk": 3, "fields": {"name": "Can delete log entry", "content_type": ["admin", "logentry"], "codename": "delete_logentry"}}, {"model": "auth.permission", "pk": 4, "fields": {"name": "Can view log entry", "content_type": ["admin", "logentry"], "codename": "view_logentry"}}, {"model": "auth.permission", "pk": 5, "fields": {"name": "Can add permission", "content_type": ["auth", "permission"], "codename": "add_permission"}}, {"model": "auth.permission", "pk": 6, "fields": {"name": "Can change permission", "content_type": ["auth", "permission"], "codename": "change_permission"}}, {"model": "auth.permission", "pk": 7, "fields": {"name": "Can delete permission", "content_type": ["auth", "permission"], "codename": "delete_permission"}}, {"model": "auth.permission", "pk": 8, "fields": {"name": "Can view permission", "content_type": ["auth", "permission"], "codename": "view_permission"}}, {"model": "auth.permission", "pk": 9, "fields": {"name": "Can add group", "content_type": ["auth", "group"], "codename": "add_group"}}, {"model": "auth.permission", "pk": 10, "fields": {"name": "Can change group", "content_type": ["auth", "group"], "codename": "change_group"}}, {"model": "auth.permission", "pk": 11, "fields": {"name": "Can delete group", "content_type": ["auth", "group"], "codename": "delete_group"}}, {"model": "auth.permission", "pk": 12, "fields": {"name": "Can view group", "content_type": ["auth", "group"], "codename": "view_group"}}, {"model": "auth.permission", "pk": 13, "fields": {"name": "Can add user", "content_type": ["auth", "user"], "codename": "add_user"}}, {"model": "auth.permission", "pk": 14, "fields": {"name": "Can change user", "content_type": ["auth", "user"], "codename": "change_user"}}, {"model": "auth.permission", "pk": 15, "fields": {"name": "Can delete user", "content_type": ["auth", "user"], "codename": "delete_user"}}, {"model": "auth.permission", "pk": 16, "fields": {"name": "Can view user", "content_type": ["auth", "user"], "codename": "view_user"}}, {"model": "auth.permission", "pk": 17, "fields": {"name": "Can add content type", "content_type": ["contenttypes", "contenttype"], "codename": "add_contenttype"}}, {"model": "auth.permission", "pk": 18, "fields": {"name": "Can change content type", "content_type": ["contenttypes", "contenttype"], "codename": "change_contenttype"}}, {"model": "auth.permission", "pk": 19, "fields": {"name": "Can delete content type", "content_type": ["contenttypes", "contenttype"], "codename": "delete_contenttype"}}, {"model": "auth.permission", "pk": 20, "fields": {"name": "Can view content type", "content_type": ["contenttypes", "contenttype"], "codename": "view_contenttype"}}, {"model": "auth.permission", "pk": 21, "fields": {"name": "Can add session", "content_type": ["sessions", "session"], "codename": "add_session"}}, {"model": "auth.permission", "pk": 22, "fields": {"name": "Can change session", "content_type": ["sessions", "session"], "codename": "change_session"}}, {"model": "auth.permission", "pk": 23, "fields": {"name": "Can delete session", "content_type": ["sessions", "session"], "codename": "delete_session"}}, {"model": "auth.permission", "pk": 24, "fields": {"name": "Can view session", "content_type": ["sessions", "session"], "codename": "view_session"}}, {"model": "auth.permission", "pk": 25, "fields": {"name": "Can add site", "content_type": ["sites", "site"], "codename": "add_site"}}, {"model": "auth.permission", "pk": 26, "fields": {"name": "Can change site", "content_type": ["sites", "site"], "codename": "change_site"}}, {"model": "auth.permission", "pk": 27, "fields": {"name": "Can delete site", "content_type": ["sites", "site"], "codename": "delete_site"}}, {"model": "auth.permission", "pk": 28, "fields": {"name": "Can view site", "content_type": ["sites", "site"], "codename": "view_site"}}, {"model": "auth.permission", "pk": 29, "fields": {"name": "Can add flat page", "content_type": ["flatpages", "flatpage"], "codename": "add_flatpage"}}, {"model": "auth.permission", "pk": 30, "fields": {"name": "Can change flat page", "content_type": ["flatpages", "flatpage"], "codename": "change_flatpage"}}, {"model": "auth.permission", "pk": 31, "fields": {"name": "Can delete flat page", "content_type": ["flatpages", "flatpage"], "codename": "delete_flatpage"}}, {"model": "auth.permission", "pk": 32, "fields": {"name": "Can view flat page", "content_type": ["flatpages", "flatpage"], "codename": "view_flatpage"}}, {"model": "auth.permission", "pk": 33, "fields": {"name": "Can add Тэг", "content_type": ["main", "tag"], "codename": "add_tag"}}, {"model": "auth.permission", "pk": 34, "fields": {"name": "Can change Тэг", "content_type": ["main", "tag"], "codename": "change_tag"}}, {"model": "auth.permission", "pk": 35, "fields": {"name": "Can delete Тэг", "content_type": ["main", "tag"], "codename": "delete_tag"}}, {"model": "auth.permission", "pk": 36, "fields": {"name": "Can view Тэг", "content_type": ["main", "tag"], "codename": "view_tag"}}, {"model": "auth.permission", "pk": 37, "fields": {"name": "Can add Товар", "content_type": ["main", "good"], "codename": "add_good"}}, {"model": "auth.permission", "pk": 38, "fields": {"name": "Can change Товар", "content_type": ["main", "good"], "codename": "change_good"}}, {"model": "auth.permission", "pk": 39, "fields": {"name": "Can delete Товар", "content_type": ["main", "good"], "codename": "delete_good"}}, {"model": "auth.permission", "pk": 40, "fields": {"name": "Can view Товар", "content_type": ["main", "good"], "codename": "view_good"}}, {"model": "auth.permission", "pk": 41, "fields": {"name": "Can add Продавец", "content_type": ["main", "seller"], "codename": "add_seller"}}, {"model": "auth.permission", "pk": 42, "fields": {"name": "Can change Продавец", "content_type": ["main", "seller"], "codename": "change_seller"}}, {"model": "auth.permission", "pk": 43, "fields": {"name": "Can delete Продавец", "content_type": ["main", "seller"], "codename": "delete_seller"}}, {"model": "auth.permission", "pk": 44, "fields": {"name": "Can view Продавец", "content_type": ["main", "seller"], "codename": "view_seller"}}, {"model": "auth.permission", "pk": 45, "fields": {"name": "Can add Категория", "content_type": ["main", "category"], "codename": "add_category"}}, {"model": "auth.permission", "pk": 46, "fields": {"name": "Can change Категория", "content_type": ["main", "category"], "codename": "change_category"}}, {"model": "auth.permission", "pk": 47, "fields": {"name": "Can delete Категория", "content_type": ["main", "category"], "codename": "delete_category"}}, {"model": "auth.permission", "pk": 48, "fields": {"name": "Can view Категория", "content_type": ["main", "category"], "codename": "view_category"}}, {"model": "auth.permission", "pk": 49, "fields": {"name": "Can add manufacturer", "content_type": ["main", "manufacturer"], "codename": "add_manufacturer"}}, {"model": "auth.permission", "pk": 50, "fields": {"name": "Can change manufacturer", "content_type": ["main", "manufacturer"], "codename": "change_manufacturer"}}, {"model": "auth.permission", "pk": 51, "fields": {"name": "Can delete manufacturer", "content_type": ["main", "manufacturer"], "codename": "delete_manufacturer"}}, {"model": "auth.permission", "pk": 52, "fields": {"name": "Can view manufacturer", "content_type": ["main", "manufacturer"], "codename": "view_manufacturer"}}, {"model": "auth.permission", "pk": 53, "fields": {"name": "Can add profile", "content_type": ["main", "profile"], "codename": "add_profile"}}, {"model": "auth.permission", "pk": 54, "fields": {"name": "Can change profile", "content_type": ["main", "profile"], "codename": "change_profile"}}, {"model": "auth.permission", "pk": 55, "fields": {"name": "Can delete profile", "content_type": ["main", "profile"], "codename": "delete_profile"}}, {"model": "auth.permission", "pk": 56, "fields": {"name": "Can view profile", "content_type": ["main", "profile"], "codename": "view_profile"}}, {"model": "auth.permission", "pk": 57, "fields": {"name": "Can add kv store", "content_type": ["thumbnail", "kvstore"], "codename": "add_kvstore"}}, {"model": "auth.permission", "pk": 58, "fields": {"name": "Can change kv store", "content_type": ["thumbnail", "kvstore"], "codename": "change_kvstore"}}, {"model": "auth.permission", "pk": 59, "fields": {"name": "Can delete kv store", "content_type": ["thumbnail", "kvstore"], "codename": "delete_kvstore"}}, {"model": "auth.permission", "pk": 60, "fields": {"name": "Can view kv store", "content_type": ["thumbnail", "kvstore"], "codename": "view_kvstore"}}, {"model": "auth.permission", "pk": 61, "fields": {"name": "Can add email address", "content_type": ["account", "emailaddress"], "codename": "add_emailaddress"}}, {"model": "auth.permission", "pk": 62, "fields": {"name": "Can change email address", "content_type": ["account", "emailaddress"], "codename": "change_emailaddress"}}, {"model": "auth.permission", "pk": 63, "fields": {"name": "Can delete email address", "content_type": ["account", "emailaddress"], "codename": "delete_emailaddress"}}, {"model": "auth.permission", "pk": 64, "fields": {"name": "Can view email address", "content_type": ["account", "emailaddress"], "codename": "view_emailaddress"}}, {"model": "auth.permission", "pk": 65, "fields": {"name": "Can add email confirmation", "content_type": ["account", "emailconfirmation"], "codename": "add_emailconfirmation"}}, {"model": "auth.permission", "pk": 66, "fields": {"name": "Can change email confirmation", "content_type": ["account", "emailconfirmation"], "codename": "change_emailconfirmation"}}, {"model": "auth.permission", "pk": 67, "fields": {"name": "Can delete email confirmation", "content_type": ["account", "emailconfirmation"], "codename": "delete_emailconfirmation"}}, {"model": "auth.permission", "pk": 68, "fields": {"name": "Can view email confirmation", "content_type": ["account", "emailconfirmation"], "codename": "view_emailconfirmation"}}, {"model": "auth.permission", "pk": 69, "fields": {"name": "Can add social account", "content_type": ["socialaccount", "socialaccount"], "codename": "add_socialaccount"}}, {"model": "auth.permission", "pk": 70, "fields": {"name": "Can change social account", "content_type": ["socialaccount", "socialaccount"], "codename": "change_socialaccount"}}, {"model": "auth.permission", "pk": 71, "fields": {"name": "Can delete social account", "content_type": ["socialaccount", "socialaccount"], "codename": "delete_socialaccount"}}, {"model": "auth.permission", "pk": 72, "fields": {"name": "Can view social account", "content_type": ["socialaccount", "socialaccount"], "codename": "view_socialaccount"}}, {"model": "auth.permission", "pk": 73, "fields": {"name": "Can add social application", "content_type": ["socialaccount", "socialapp"], "codename": "add_socialapp"}}, {"model": "auth.permission", "pk": 74, "fields": {"name": "Can change social application", "content_type": ["socialaccount", "socialapp"], "codename": "change_socialapp"}}, {"model": "auth.permission", "pk": 75, "fields": {"name": "Can delete social application", "content_type": ["socialaccount", "socialapp"], "codename": "delete_socialapp"}}, {"model": "auth.permission", "pk": 76, "fields": {"name": "Can view social application", "content_type": ["socialaccount", "socialapp"], "codename": "view_socialapp"}}, {"model": "auth.permission", "pk": 77, "fields": {"name": "Can add social application token", "content_type": ["socialaccount", "socialtoken"], "codename": "add_socialtoken"}}, {"model": "auth.permission", "pk": 78, "fields": {"name": "Can change social application token", "content_type": ["socialaccount", "socialtoken"], "codename": "change_socialtoken"}}, {"model": "auth.permission", "pk": 79, "fields": {"name": "Can delete social application token", "content_type": ["socialaccount", "socialtoken"], "codename": "delete_socialtoken"}}, {"model": "auth.permission", "pk": 80, "fields": {"name": "Can view social application token", "content_type": ["socialaccount", "socialtoken"], "codename": "view_socialtoken"}}, {"model": "auth.permission", "pk": 81, "fields": {"name": "Can add subscriber", "content_type": ["main", "subscriber"], "codename": "add_subscriber"}}, {"model": "auth.permission", "pk": 82, "fields": {"name": "Can change subscriber", "content_type": ["main", "subscriber"], "codename": "change_subscriber"}}, {"model": "auth.permission", "pk": 83, "fields": {"name": "Can delete subscriber", "content_type": ["main", "subscriber"], "codename": "delete_subscriber"}}, {"model": "auth.permission", "pk": 84, "fields": {"name": "Can view subscriber", "content_type": ["main", "subscriber"], "codename": "view_subscriber"}}, {"model": "auth.permission", "pk": 85, "fields": {"name": "Can add task result", "content_type": ["django_celery_results", "taskresult"], "codename": "add_taskresult"}}, {"model": "auth.permission", "pk": 86, "fields": {"name": "Can change task result", "content_type": ["django_celery_results", "taskresult"], "codename": "change_taskresult"}}, {"model": "auth.permission", "pk": 87, "fields": {"name": "Can delete task result", "content_type": ["django_celery_results", "taskresult"], "codename": "delete_taskresult"}}, {"model": "auth.permission", "pk": 88, "fields": {"name": "Can view task result", "content_type": ["django_celery_results", "taskresult"], "codename": "view_taskresult"}}, {"model": "auth.permission", "pk": 89, "fields": {"name": "Can add chord counter", "content_type": ["django_celery_results", "chordcounter"], "codename": "add_chordcounter"}}, {"model": "auth.permission", "pk": 90, "fields": {"name": "Can change chord counter", "content_type": ["django_celery_results", "chordcounter"], "codename": "change_chordcounter"}}, {"model": "auth.permission", "pk": 91, "fields": {"name": "Can delete chord counter", "content_type": ["django_celery_results", "chordcounter"], "codename": "delete_chordcounter"}}, {"model": "auth.permission", "pk": 92, "fields": {"name": "Can view chord counter", "content_type": ["django_celery_results", "chordcounter"], "codename": "view_chordcounter"}}, {"model": "auth.permission", "pk": 93, "fields": {"name": "Can add crontab", "content_type": ["django_celery_beat", "crontabschedule"], "codename": "add_crontabschedule"}}, {"model": "auth.permission", "pk": 94, "fields": {"name": "Can change crontab", "content_type": ["django_celery_beat", "crontabschedule"], "codename": "change_crontabschedule"}}, {"model": "auth.permission", "pk": 95, "fields": {"name": "Can delete crontab", "content_type": ["django_celery_beat", "crontabschedule"], "codename": "delete_crontabschedule"}}, {"model": "auth.permission", "pk": 96, "fields": {"name": "Can view crontab", "content_type": ["django_celery_beat", "crontabschedule"], "codename": "view_crontabschedule"}}, {"model": "auth.permission", "pk": 97, "fields": {"name": "Can add interval", "content_type": ["django_celery_beat", "intervalschedule"], "codename": "add_intervalschedule"}}, {"model": "auth.permission", "pk": 98, "fields": {"name": "Can change interval", "content_type": ["django_celery_beat", "intervalschedule"], "codename": "change_intervalschedule"}}, {"model": "auth.permission", "pk": 99, "fields": {"name": "Can delete interval", "content_type": ["django_celery_beat", "intervalschedule"], "codename": "delete_intervalschedule"}}, {"model": "auth.permission", "pk": 100, "fields": {"name": "Can view interval", "content_type": ["django_celery_beat", "intervalschedule"], "codename": "view_intervalschedule"}}, {"model": "auth.permission", "pk": 101, "fields": {"name": "Can add periodic task", "content_type": ["django_celery_beat", "periodictask"], "codename": "add_periodictask"}}, {"model": "auth.permission", "pk": 102, "fields": {"name": "Can change periodic task", "content_type": ["django_celery_beat", "periodictask"], "codename": "change_periodictask"}}, {"model": "auth.permission", "pk": 103, "fields": {"name": "Can delete periodic task", "content_type": ["django_celery_beat", "periodictask"], "codename": "delete_periodictask"}}, {"model": "auth.permission", "pk": 104, "fields": {"name": "Can view periodic task", "content_type": ["django_celery_beat", "periodictask"], "codename": "view_periodictask"}}, {"model": "auth.permission", "pk": 105, "fields": {"name": "Can add periodic tasks", "content_type": ["django_celery_beat", "periodictasks"], "codename": "add_periodictasks"}}, {"model": "auth.permission", "pk": 106, "fields": {"name": "Can change periodic tasks", "content_type": ["django_celery_beat", "periodictasks"], "codename": "change_periodictasks"}}, {"model": "auth.permission", "pk": 107, "fields": {"name": "Can delete periodic tasks", "content_type": ["django_celery_beat", "periodictasks"], "codename": "delete_periodictasks"}}, {"model": "auth.permission", "pk": 108, "fields": {"name": "Can view periodic tasks", "content_type": ["django_celery_beat", "periodictasks"], "codename": "view_periodictasks"}}, {"model": "auth.permission", "pk": 109, "fields": {"name": "Can add solar event", "content_type": ["django_celery_beat", "solarschedule"], "codename": "add_solarschedule"}}, {"model": "auth.permission", "pk": 110, "fields": {"name": "Can change solar event", "content_type": ["django_celery_beat", "solarschedule"], "codename": "change_solarschedule"}}, {"model": "auth.permission", "pk": 111, "fields": {"name": "Can delete solar event", "content_type": ["django_celery_beat", "solarschedule"], "codename": "delete_solarschedule"}}, {"model": "auth.permission", "pk": 112, "fields": {"name": "Can view solar event", "content_type": ["django_celery_beat", "solarschedule"], "codename": "view_solarschedule"}}, {"model": "auth.permission", "pk": 113, "fields": {"name": "Can add clocked", "content_type": ["django_celery_beat", "clockedschedule"], "codename": "add_clockedschedule"}}, {"model": "auth.permission", "pk": 114, "fields": {"name": "Can change clocked", "content_type": ["django_celery_beat", "clockedschedule"], "codename": "change_clockedschedule"}}, {"model": "auth.permission", "pk": 115, "fields": {"name": "Can delete clocked", "content_type": ["django_celery_beat", "clockedschedule"], "codename": "delete_clockedschedule"}}, {"model": "auth.permission", "pk": 116, "fields": {"name": "Can view clocked", "content_type": ["django_celery_beat", "clockedschedule"], "codename": "view_clockedschedule"}}, {"model": "auth.permission", "pk": 117, "fields": {"name": "Can add sm slog", "content_type": ["main", "smslog"], "codename": "add_smslog"}}, {"model": "auth.permission", "pk": 118, "fields": {"name": "Can change sm slog", "content_type": ["main", "smslog"], "codename": "change_smslog"}}, {"model": "auth.permission", "pk": 119, "fields": {"name": "Can delete sm slog", "content_type": ["main", "smslog"], "codename": "delete_smslog"}}, {"model": "auth.permission", "pk": 120, "fields": {"name": "Can view sm slog", "content_type": ["main", "smslog"], "codename": "view_smslog"}}, {"model": "auth.group", "pk": 1, "fields": {"name": "common users", "permissions": [["view_category", "main", "category"], ["view_good", "main", "good"], ["view_manufacturer", "main", "manufacturer"], ["change_profile", "main", "profile"], ["delete_profile", "main", "profile"], ["view_profile", "main", "profile"], ["view_seller", "main", "seller"], ["view_tag", "main", "tag"]]}}, {"model": "auth.group", "pk": 2, "fields": {"name": "seller", "permissions": []}}, {"model": "auth.group", "pk": 3, "fields": {"name": "common users1", "permissions": []}}, {"model": "auth.group", "pk": 4, "fields": {"name": "common users12", "permissions": []}}, {"model": "auth.group", "pk": 5, "fields": {"name": "common users123", "permissions": []}}, {"model": "auth.user", "pk": 1, "fields": {"password": "pbkdf2_sha256$216000$18CM3Ct4CpiH$MpPvUURg+NNber+pyB/iMFUrZHBYSZUp9gXI4OsLeoQ=", "last_login": "2021-04-26T10:29:10.711Z", "is_superuser": true, "username": "admin", "first_name": "Александр", "last_name": "Соколов", "email": "uzatte@gmail.com", "is_staff": true, "is_active": true, "date_joined": "2021-03-22T15:40:28.792Z", "groups": [], "user_permissions": []}}, {"model": "auth.user", "pk": 7, "fields": {"password": "pbkdf2_sha256$216000$vdDZAoqNcCJg$CBKxUIywUK3qb8qHrD1stemicXLaOJZQpBWZNGUKcgc=", "last_login": "2021-04-05T13:06:11.610Z", "is_superuser": false, "username": "test", "first_name": "test", "last_name": "test", "email": "test@test.com", "is_staff": false, "is_active": true, "date_joined": "2021-04-05T13:06:11.397Z", "groups": [["common users"]], "user_permissions": []}}, {"model": "auth.user", "pk": 8, "fields": {"password": "pbkdf2_sha256$216000$tX7FSzFAOuEa$caDQgm0/aZxhcGrD93ruQGpeVtwSDvtEJp0ChvnBXl8=", "last_login": "2021-04-05T14:04:41.418Z", "is_superuser": false, "username": "test1", "first_name": "test", "last_name": "test", "email": "tes1@test.com", "is_staff": false, "is_active": true, "date_joined": "2021-04-05T13:10:08.765Z", "groups": [["common users"]], "user_permissions": []}}, {"model": "auth.user", "pk": 9, "fields": {"password": "pbkdf2_sha256$216000$YWtWrJWFrH05$qhDSc7FPRK1nP5dzSC5RqLZBgmX1yxhVAEwml3VZ4bU=", "last_login": "2021-04-05T13:11:13.793Z", "is_superuser": false, "username": "test2", "first_name": "test", "last_name": "test", "email": "test2@test.com", "is_staff": false, "is_active": true, "date_joined": "2021-04-05T13:11:13.605Z", "groups": [], "user_permissions": []}}, {"model": "auth.user", "pk": 10, "fields": {"password": "pbkdf2_sha256$216000$t8BZkLSWAaqy$bz8dSKDB1XH40hnjJYp7nRaqrQrXANTYKR7NodmVP0g=", "last_login": "2021-04-05T15:24:06.726Z", "is_superuser": false, "username": "test3", "first_name": "Test", "last_name": "test", "email": "test3@test.com", "is_staff": false, "is_active": true, "date_joined": "2021-04-05T15:24:06.493Z", "groups": [["common users"]], "user_permissions": []}}, {"model": "auth.user", "pk": 11, "fields": {"password": "pbkdf2_sha256$216000$5ztyY0AsfhSB$b73iptQD3G2pza2Zga/ViUnabevYvmW6fQlJ8p44Uow=", "last_login": "2021-04-05T15:26:39.169Z", "is_superuser": false, "username": "test4", "first_name": "Test", "last_name": "test", "email": "test4@test.com", "is_staff": false, "is_active": true, "date_joined": "2021-04-05T15:26:38.948Z", "groups": [["common users"]], "user_permissions": []}}, {"model": "auth.user", "pk": 12, "fields": {"password": "pbkdf2_sha256$216000$mPvWdbb2fvkr$Ciue5gq8dFl7+wCqAPulpteVuxgzNCdapr5f2D58QQY=", "last_login": "2021-04-05T15:29:26.516Z", "is_superuser": false, "username": "test5", "first_name": "test", "last_name": "test", "email": "test5@test.com", "is_staff": false, "is_active": true, "date_joined": "2021-04-05T15:29:26.282Z", "groups": [["common users"]], "user_permissions": []}}, {"model": "auth.user", "pk": 13, "fields": {"password": "pbkdf2_sha256$216000$E5v0A0rnyP5L$0MUpQ6nyGAY9v0M+6fR29Jb3YOu8S8zbsrlhVwQI3Jw=", "last_login": null, "is_superuser": false, "username": "test56", "first_name": "test", "last_name": "test", "email": "test6@test.com", "is_staff": false, "is_active": true, "date_joined": "2021-04-05T15:32:28.683Z", "groups": [["common users"]], "user_permissions": []}}, {"model": "auth.user", "pk": 14, "fields": {"password": "pbkdf2_sha256$216000$iI2ume6ffnGu$kH5fj5j+LQTTwfXF77emOtU9Xk9c1BborW263krc1cQ=", "last_login": null, "is_superuser": false, "username": "argeir12", "first_name": "test", "last_name": "test", "email": "test7@test.com", "is_staff": false, "is_active": true, "date_joined": "2021-04-05T15:35:33.444Z", "groups": [["common users"]], "user_permissions": []}}, {"model": "auth.user", "pk": 15, "fields": {"password": "pbkdf2_sha256$216000$PR6rv4LVJ76P$7kDlDbg5zy9yjQcYULmSaqWCJI2ZipiMO/YCLeQnb7M=", "last_login": null, "is_superuser": false, "username": "Кристина", "first_name": "test", "last_name": "Войловская", "email": "test8@test.com", "is_staff": false, "is_active": true, "date_joined": "2021-04-05T15:35:51.081Z", "groups": [["common users"]], "user_permissions": []}}, {"model": "auth.user", "pk": 16, "fields": {"password": "pbkdf2_sha256$216000$undZAOxRiyBW$UzP+kcjop09t5gNSNSfkWX7wyaaIilOEXRCNGu5wdGM=", "last_login": "2021-04-05T15:36:09.361Z", "is_superuser": false, "username": "argeir1234", "first_name": "test", "last_name": "test", "email": "test12@test.com", "is_staff": false, "is_active": true, "date_joined": "2021-04-05T15:36:09.102Z", "groups": [["common users"]], "user_permissions": []}}, {"model": "auth.user", "pk": 17, "fields": {"password": "pbkdf2_sha256$216000$Jn3087KQwdGn$8PgfnUpiDUIeNhgna81kPNc16bYeqTgAuNo23u/D1/4=", "last_login": "2021-04-05T15:41:33.164Z", "is_superuser": false, "username": "Михаил", "first_name": "test", "last_name": "Мененский", "email": "test32@test.com", "is_staff": false, "is_active": true, "date_joined": "2021-04-05T15:41:32.934Z", "groups": [["common users"]], "user_permissions": []}}, {"model": "auth.user", "pk": 18, "fields": {"password": "pbkdf2_sha256$216000$6pKW3eSiF4We$vSWIxVK45Wfe6pW5PGaBe8eRFSFRFMepJVCthOhffx0=", "last_login": "2021-04-05T15:45:22.024Z", "is_superuser": false, "username": "argeir12312", "first_name": "Александр", "last_name": "Соколов", "email": "argeir@yandex.ru2323", "is_staff": false, "is_active": true, "date_joined": "2021-04-05T15:45:21.792Z", "groups": [["common users"]], "user_permissions": []}}, {"model": "auth.user", "pk": 19, "fields": {"password": "!OXESBuBorJ3KjxXWv3pptJljaf8HwdevdprLv1L0", "last_login": "2021-04-05T17:04:30.405Z", "is_superuser": false, "username": "django.uzatte", "first_name": "Александр", "last_name": "Соколов", "email": "django.uzatte@gmail.com", "is_staff": false, "is_active": true, "date_joined": "2021-04-05T17:04:30.218Z", "groups": [["common users"]], "user_permissions": []}}, {"model": "auth.user", "pk": 20, "fields": {"password": "pbkdf2_sha256$216000$5k8kiI839VDC$JwEHQUTIVWZKhd2LODLvdMeCPQoc0YjaJM77immAtmU=", "last_login": "2021-04-05T19:01:05.705Z", "is_superuser": false, "username": "test23213", "first_name": "test", "last_name": "test", "email": "test2323@test.com", "is_staff": false, "is_active": true, "date_joined": "2021-04-05T19:01:05.497Z", "groups": [["common users"]], "user_permissions": []}}, {"model": "auth.user", "pk": 21, "fields": {"password": "pbkdf2_sha256$216000$26qpWTaXFT7m$gvO48vOCkMjSXiE6C3gonn2/GgRcmiR8E3+TVcYTKW8=", "last_login": null, "is_superuser": false, "username": "argeir12555", "first_name": "test", "last_name": "test", "email": "test63@test.com", "is_staff": false, "is_active": true, "date_joined": "2021-04-05T19:14:35.427Z", "groups": [["common users"]], "user_permissions": []}}, {"model": "auth.user", "pk": 22, "fields": {"password": "pbkdf2_sha256$216000$sKrf67bBSpCQ$NIHJz+LyfLwu001/7N0uenZWbHimjK4yNiZJzVVkk5s=", "last_login": "2021-04-05T19:15:12.266Z", "is_superuser": false, "username": "argeir125552", "first_name": "test", "last_name": "test", "email": "test632@test.com", "is_staff": false, "is_active": true, "date_joined": "2021-04-05T19:15:12.019Z", "groups": [["common users"]], "user_permissions": []}}, {"model": "auth.user", "pk": 23, "fields": {"password": "pbkdf2_sha256$216000$AbH69LOwVkb3$UoNKUVEN956PdXVDKjaiwwECpX/zDvDfTHSh/Ll+OTs=", "last_login": "2021-04-05T19:20:09.842Z", "is_superuser": false, "username": "hipoi", "first_name": "Иван", "last_name": "Гончаров", "email": "test_email@mail.com", "is_staff": false, "is_active": true, "date_joined": "2021-04-05T19:20:09.612Z", "groups": [["common users"]], "user_permissions": []}}, {"model": "auth.user", "pk": 24, "fields": {"password": "pbkdf2_sha256$216000$26wsy7G3WBUb$pH+6vB2M9XuUiZG5gEHDzMM/nLUG4ctToPTuZPUZoRI=", "last_login": "2021-04-05T19:34:26.537Z", "is_superuser": false, "username": "Алексей", "first_name": "test", "last_name": "Комаров", "email": "test_1@test.com", "is_staff": false, "is_active": true, "date_joined": "2021-04-05T19:34:26.313Z", "groups": [["common users"]], "user_permissions": []}}, {"model": "auth.user", "pk": 25, "fields": {"password": "pbkdf2_sha256$216000$rLg9iiXC0lIJ$AvtBoaA8gD/BiEg/ggio2K0+qmJ0js7QcovMXGEpdzs=", "last_login": "2021-04-05T19:38:04.319Z", "is_superuser": false, "username": "argeir432423423", "first_name": "test", "last_name": "test", "email": "test72@test.com", "is_staff": false, "is_active": true, "date_joined": "2021-04-05T19:38:04.086Z", "groups": [["common users"]], "user_permissions": []}}, {"model": "auth.user", "pk": 26, "fields": {"password": "pbkdf2_sha256$216000$ZRgukk6YcMQW$cO1sdR6ujtcz5dthhH3qWKyqXig8wJEL+aJiGZ0s3fg=", "last_login": "2021-04-05T19:38:54.081Z", "is_superuser": false, "username": "argeir23232111", "first_name": "test", "last_name": "test", "email": "test613@test.com", "is_staff": false, "is_active": true, "date_joined": "2021-04-05T19:38:53.876Z", "groups": [["common users"]], "user_permissions": []}}, {"model": "auth.user", "pk": 27, "fields": {"password": "pbkdf2_sha256$216000$7s0Rsby4iv4c$uXXd+jpx1QRGJlVG0TmYMzua6GvpMNnYzKNBAP7kbcg=", "last_login": "2021-04-05T19:46:12.095Z", "is_superuser": false, "username": "dasdasdasd", "first_name": "Иван", "last_name": "Гончаров", "email": "test_email@mail.com1", "is_staff": false, "is_active": true, "date_joined": "2021-04-05T19:46:11.873Z", "groups": [["common users"]], "user_permissions": []}}, {"model": "auth.user", "pk": 28, "fields": {"password": "pbkdf2_sha256$216000$Xs9gRa1OkU29$hu4o5rCjmAvaKf7lMkAteP0cYcJU5dGWg1r1yNYxqj4=", "last_login": "2021-04-05T19:50:17.182Z", "is_superuser": false, "username": "argeir11111111", "first_name": "Александр", "last_name": "Соколов", "email": "arg111eir@yandex.ru", "is_staff": false, "is_active": true, "date_joined": "2021-04-05T19:50:16.970Z", "groups": [["common users"]], "user_permissions": []}}, {"model": "auth.user", "pk": 29, "fields": {"password": "pbkdf2_sha256$216000$roleNKYzODUE$mwnNvmBqm0rjvaW0efHtuzNPYFRFdtcuEnELxh/MNWE=", "last_login": "2021-04-05T19:53:46.090Z", "is_superuser": false, "username": "Admin11111", "first_name": "test", "last_name": "test", "email": "test_11@test.com", "is_staff": false, "is_active": true, "date_joined": "2021-04-05T19:53:45.847Z", "groups": [["common users"]], "user_permissions": []}}, {"model": "auth.user", "pk": 30, "fields": {"password": "pbkdf2_sha256$216000$RIuO0D2HBfpl$NwaZgM/N3IuKHdA9ljwZDYH2mjyBjpMVAcBn+TJNiz8=", "last_login": null, "is_superuser": false, "username": "argeir11231231", "first_name": "Иван", "last_name": "Гончаров", "email": "test_email@mail.1com1", "is_staff": false, "is_active": true, "date_joined": "2021-04-05T19:54:43.366Z", "groups": [["common users"]], "user_permissions": []}}, {"model": "auth.user", "pk": 31, "fields": {"password": "pbkdf2_sha256$216000$fqlhRl6HLzDs$6SEHV90m+HfAqMmXezzCdYRPaJigCRjQxxfYEKaSoj4=", "last_login": "2021-04-05T19:55:11.271Z", "is_superuser": false, "username": "argeir112312311", "first_name": "Иван", "last_name": "Гончаров", "email": "test_email@m1ail.1com1", "is_staff": false, "is_active": true, "date_joined": "2021-04-05T19:55:11.036Z", "groups": [["common users"]], "user_permissions": []}}, {"model": "auth.user", "pk": 32, "fields": {"password": "pbkdf2_sha256$216000$p2P0pSinxelB$rj+AgpwL0d/U657+maDqDCWWX0JUUcbzIV8/JmmEKfQ=", "last_login": "2021-04-06T14:24:57.588Z", "is_superuser": false, "username": "Admin1111112312", "first_name": "Александр", "last_name": "Соколов", "email": "arge1111ir@yandex.ru", "is_staff": false, "is_active": true, "date_joined": "2021-04-06T14:24:57.369Z", "groups": [], "user_permissions": []}}, {"model": "auth.user", "pk": 33, "fields": {"password": "pbkdf2_sha256$216000$A6uwNkfgEDEB$vU5THuCys3V/r3Suu3m3gwaQaovIz+IFJ0zTbTFr+MM=", "last_login": "2021-04-06T14:25:57.626Z", "is_superuser": false, "username": "Admin1111112312322", "first_name": "Иван", "last_name": "Гончаров", "email": "test_email11@mail.1com1", "is_staff": false, "is_active": true, "date_joined": "2021-04-06T14:25:57.405Z", "groups": [["common users"]], "user_permissions": []}}, {"model": "auth.user", "pk": 34, "fields": {"password": "pbkdf2_sha256$216000$1RMVY4SBW4s2$GRQobDPccbLVljVtJtoTBPp7P1UBxUxcx52Ts4LDlK0=", "last_login": null, "is_superuser": false, "username": "Admin1111123", "first_name": "Александр", "last_name": "Соколов", "email": "arge122111ir@yandex.ru", "is_staff": false, "is_active": true, "date_joined": "2021-04-07T09:44:46.620Z", "groups": [], "user_permissions": []}}, {"model": "auth.user", "pk": 35, "fields": {"password": "pbkdf2_sha256$216000$LBnDWXGPcWrq$wWrqkIq1WZiqoMQom8UHXlT6Mi9eIM+duOoMm+Ov7YM=", "last_login": null, "is_superuser": false, "username": "Admin111112323", "first_name": "Иван", "last_name": "Гончаров", "email": "test_email11@mai11l.1com1", "is_staff": false, "is_active": true, "date_joined": "2021-04-07T09:47:28.226Z", "groups": [], "user_permissions": []}}, {"model": "auth.user", "pk": 36, "fields": {"password": "pbkdf2_sha256$216000$NwmkoeYzwaJy$vSPfD/dcPhXWyvu8JTu5nD5umCuMjfX3HX9aSzFqCL4=", "last_login": "2021-04-07T09:48:46.685Z", "is_superuser": false, "username": "Admin42", "first_name": "Александр", "last_name": "Соколов", "email": "arge1112221ir@yandex.ru", "is_staff": false, "is_active": true, "date_joined": "2021-04-07T09:48:46.413Z", "groups": [["common users123"]], "user_permissions": []}}, {"model": "auth.user", "pk": 37, "fields": {"password": "pbkdf2_sha256$216000$4bDtMoaoPxGQ$J4Qpjv3ZwoNAH14nytWE5EIOPPyDRGS+4nX9aFDi5/E=", "last_login": "2021-04-07T09:49:51.937Z", "is_superuser": false, "username": "Admin11111123122323", "first_name": "Иван", "last_name": "Гончаров", "email": "test_email11@mai1111l.1com1", "is_staff": false, "is_active": true, "date_joined": "2021-04-07T09:49:51.736Z", "groups": [["common users"]], "user_permissions": []}}, {"model": "auth.user", "pk": 38, "fields": {"password": "pbkdf2_sha256$216000$jpwtwSR6yn6i$F6gT2M61lRxIWGnFg8S//Gv2QpVNeMyzfTE18xyBeXw=", "last_login": null, "is_superuser": false, "username": "testtest", "first_name": "Иван", "last_name": "Гончаров", "email": "test_email11@mai1111l.1c11om1", "is_staff": false, "is_active": true, "date_joined": "2021-04-20T08:55:08.683Z", "groups": [["common users"]], "user_permissions": []}}, {"model": "auth.user", "pk": 39, "fields": {"password": "pbkdf2_sha256$216000$JE5RcfFq9aIV$/+824/t58AuQ16Yh0v26Uf5yU0zHaFb+xA06zqXQEjs=", "last_login": "2021-04-20T09:09:41.047Z", "is_superuser": false, "username": "dasdasdasd1111", "first_name": "Иван", "last_name": "Гончаров", "email": "test_email11@mai1231231111l.1com1", "is_staff": false, "is_active": true, "date_joined": "2021-04-20T09:09:40.803Z", "groups": [["common users"]], "user_permissions": []}}, {"model": "auth.user", "pk": 40, "fields": {"password": "pbkdf2_sha256$216000$0GYHoUtKGeSk$+Yum8Ets0iPvVZd4QvC4xOPOCG/dU7t2J35Erv/uix8=", "last_login": null, "is_superuser": false, "username": "Admin12312312", "first_name": "Иван", "last_name": "Гончаров", "email": "test_email11@mai1111l.111111", "is_staff": false, "is_active": true, "date_joined": "2021-04-26T10:27:29.184Z", "groups": [], "user_permissions": []}}, {"model": "auth.user", "pk": 41, "fields": {"password": "pbkdf2_sha256$216000$m1iWKCKF9iwb$QBvobTnE3N9nIkIAg+UZ6Qk4PKQewUyiJYS8nsPOzuI=", "last_login": "2021-04-26T10:28:28.151Z", "is_superuser": false, "username": "Admin12312312123123123", "first_name": "Иван", "last_name": "Гончаров", "email": "test_email11@mai1111l.111111123123123", "is_staff": false, "is_active": true, "date_joined": "2021-04-26T10:28:27.901Z", "groups": [["common users"]], "user_permissions": []}}, {"model": "auth.user", "pk": 42, "fields": {"password": "pbkdf2_sha256$216000$LgnUJG92JYcH$0OtzR/4CzZ8aNa6iLznTVSG2+Z0AsiPgt96azbLj9jI=", "last_login": null, "is_superuser": true, "username": "superadmin", "first_name": "", "last_name": "", "email": "super@super.com", "is_staff": true, "is_active": true, "date_joined": "2021-04-26T10:32:52.709Z", "groups": [["common users"]], "user_permissions": []}}, {"model": "main.subscriber", "pk": 1, "fields": {"user": ["admin"]}}, {"model": "main.subscriber", "pk": 2, "fields": {"user": ["argeir12312"]}}, {"model": "main.profile", "pk": 1, "fields": {"user": ["admin"], "birth_date": "1990-12-12", "image": "default.png", "phone_number": "+79266493929", "phone_confirmed": 0}}, {"model": "main.profile", "pk": 3, "fields": {"user": ["test56"], "birth_date": "1990-04-14", "image": "default.png", "phone_number": null, "phone_confirmed": 0}}, {"model": "main.profile", "pk": 4, "fields": {"user": ["argeir1234"], "birth_date": "1990-12-02", "image": "default.png", "phone_number": null, "phone_confirmed": 0}}, {"model": "main.profile", "pk": 5, "fields": {"user": ["Михаил"], "birth_date": "1990-04-14", "image": "default.png", "phone_number": null, "phone_confirmed": 0}}, {"model": "main.profile", "pk": 6, "fields": {"user": ["argeir12312"], "birth_date": "1990-04-14", "image": "default.png", "phone_number": null, "phone_confirmed": 0}}, {"model": "main.profile", "pk": 7, "fields": {"user": ["django.uzatte"], "birth_date": "1990-12-02", "image": "default.png", "phone_number": null, "phone_confirmed": 0}}, {"model": "main.profile", "pk": 8, "fields": {"user": ["test23213"], "birth_date": "1990-04-14", "image": "default.png", "phone_number": null, "phone_confirmed": 0}}, {"model": "main.profile", "pk": 9, "fields": {"user": ["argeir12555"], "birth_date": "1990-04-14", "image": "default.png", "phone_number": null, "phone_confirmed": 0}}, {"model": "main.profile", "pk": 10, "fields": {"user": ["argeir125552"], "birth_date": "1990-04-14", "image": "default.png", "phone_number": null, "phone_confirmed": 0}}, {"model": "main.profile", "pk": 11, "fields": {"user": ["hipoi"], "birth_date": "1990-04-14", "image": "default.png", "phone_number": null, "phone_confirmed": 0}}, {"model": "main.profile", "pk": 12, "fields": {"user": ["Алексей"], "birth_date": "1990-04-14", "image": "default.png", "phone_number": null, "phone_confirmed": 0}}, {"model": "main.profile", "pk": 13, "fields": {"user": ["argeir432423423"], "birth_date": "1990-04-14", "image": "default.png", "phone_number": null, "phone_confirmed": 0}}, {"model": "main.profile", "pk": 14, "fields": {"user": ["argeir23232111"], "birth_date": "1990-04-14", "image": "default.png", "phone_number": null, "phone_confirmed": 0}}, {"model": "main.profile", "pk": 15, "fields": {"user": ["dasdasdasd"], "birth_date": "1990-04-14", "image": "default.png", "phone_number": null, "phone_confirmed": 0}}, {"model": "main.profile", "pk": 16, "fields": {"user": ["argeir11111111"], "birth_date": "1990-04-14", "image": "default.png", "phone_number": null, "phone_confirmed": 0}}, {"model": "main.profile", "pk": 17, "fields": {"user": ["Admin11111"], "birth_date": "1990-04-14", "image": "default.png", "phone_number": null, "phone_confirmed": 0}}, {"model": "main.profile", "pk": 18, "fields": {"user": ["argeir11231231"], "birth_date": "1990-04-14", "image": "default.png", "phone_number": null, "phone_confirmed": 0}}, {"model": "main.profile", "pk": 19, "fields": {"user": ["argeir112312311"], "birth_date": "1990-04-14", "image": "default.png", "phone_number": null, "phone_confirmed": 0}}, {"model": "main.profile", "pk": 20, "fields": {"user": ["Admin1111112312"], "birth_date": "1990-04-14", "image": "default.png", "phone_number": null, "phone_confirmed": 0}}, {"model": "main.profile", "pk": 21, "fields": {"user": ["Admin1111112312322"], "birth_date": "1990-04-14", "image": "default.png", "phone_number": null, "phone_confirmed": 0}}, {"model": "main.profile", "pk": 22, "fields": {"user": ["Admin42"], "birth_date": "1990-04-14", "image": "default.png", "phone_number": null, "phone_confirmed": 0}}, {"model": "main.profile", "pk": 23, "fields": {"user": ["Admin11111123122323"], "birth_date": "1990-04-14", "image": "default.png", "phone_number": null, "phone_confirmed": 0}}, {"model": "main.profile", "pk": 24, "fields": {"user": ["dasdasdasd1111"], "birth_date": null, "image": "default.png", "phone_number": null, "phone_confirmed": 0}}, {"model": "main.profile", "pk": 25, "fields": {"user": ["Admin12312312123123123"], "birth_date": null, "image": "default.png", "phone_number": null, "phone_confirmed": 0}}, {"model": "main.profile", "pk": 26, "fields": {"user": ["superadmin"], "birth_date": null, "image": "default.png", "phone_number": null, "phone_confirmed": 0}}, {"model": "main.smslog", "pk": 15, "fields": {"code": 8841, "status": "queued", "user": [["admin"]]}}, {"model": "main.smslog", "pk": 16, "fields": {"code": 9611, "status": "queued", "user": [["admin"]]}}, {"model": "account.emailaddress", "pk": 6, "fields": {"user": ["test"], "email": "test@test.com", "verified": false, "primary": true}}, {"model": "account.emailaddress", "pk": 7, "fields": {"user": ["test1"], "email": "tes1@test.com", "verified": false, "primary": true}}, {"model": "account.emailaddress", "pk": 8, "fields": {"user": ["test2"], "email": "test2@test.com", "verified": false, "primary": true}}, {"model": "account.emailaddress", "pk": 9, "fields": {"user": ["test3"], "email": "test3@test.com", "verified": false, "primary": true}}, {"model": "account.emailaddress", "pk": 10, "fields": {"user": ["test4"], "email": "test4@test.com", "verified": false, "primary": true}}, {"model": "account.emailaddress", "pk": 11, "fields": {"user": ["test5"], "email": "test5@test.com", "verified": false, "primary": true}}, {"model": "account.emailaddress", "pk": 12, "fields": {"user": ["argeir1234"], "email": "test12@test.com", "verified": false, "primary": true}}, {"model": "account.emailaddress", "pk": 13, "fields": {"user": ["Михаил"], "email": "test32@test.com", "verified": false, "primary": true}}, {"model": "account.emailaddress", "pk": 14, "fields": {"user": ["argeir12312"], "email": "argeir@yandex.ru2323", "verified": false, "primary": true}}, {"model": "account.emailaddress", "pk": 15, "fields": {"user": ["django.uzatte"], "email": "django.uzatte@gmail.com", "verified": true, "primary": true}}, {"model": "account.emailaddress", "pk": 16, "fields": {"user": ["test23213"], "email": "test2323@test.com", "verified": false, "primary": true}}, {"model": "account.emailaddress", "pk": 17, "fields": {"user": ["argeir125552"], "email": "test632@test.com", "verified": false, "primary": true}}, {"model": "account.emailaddress", "pk": 18, "fields": {"user": ["hipoi"], "email": "test_email@mail.com", "verified": false, "primary": true}}, {"model": "account.emailaddress", "pk": 19, "fields": {"user": ["Алексей"], "email": "test_1@test.com", "verified": false, "primary": true}}, {"model": "account.emailaddress", "pk": 20, "fields": {"user": ["argeir432423423"], "email": "test72@test.com", "verified": false, "primary": true}}, {"model": "account.emailaddress", "pk": 21, "fields": {"user": ["argeir23232111"], "email": "test613@test.com", "verified": false, "primary": true}}, {"model": "account.emailaddress", "pk": 22, "fields": {"user": ["dasdasdasd"], "email": "test_email@mail.com1", "verified": false, "primary": true}}, {"model": "account.emailaddress", "pk": 23, "fields": {"user": ["argeir11111111"], "email": "arg111eir@yandex.ru", "verified": false, "primary": true}}, {"model": "account.emailaddress", "pk": 24, "fields": {"user": ["Admin11111"], "email": "test_11@test.com", "verified": false, "primary": true}}, {"model": "account.emailaddress", "pk": 25, "fields": {"user": ["argeir11231231"], "email": "test_email@mail.1com1", "verified": false, "primary": true}}, {"model": "account.emailaddress", "pk": 26, "fields": {"user": ["argeir112312311"], "email": "test_email@m1ail.1com1", "verified": false, "primary": true}}, {"model": "account.emailaddress", "pk": 27, "fields": {"user": ["Admin1111112312"], "email": "arge1111ir@yandex.ru", "verified": false, "primary": true}}, {"model": "account.emailaddress", "pk": 28, "fields": {"user": ["Admin1111112312322"], "email": "test_email11@mail.1com1", "verified": false, "primary": true}}, {"model": "account.emailaddress", "pk": 29, "fields": {"user": ["Admin42"], "email": "arge1112221ir@yandex.ru", "verified": false, "primary": true}}, {"model": "account.emailaddress", "pk": 30, "fields": {"user": ["Admin11111123122323"], "email": "test_email11@mai1111l.1com1", "verified": false, "primary": true}}, {"model": "account.emailaddress", "pk": 31, "fields": {"user": ["dasdasdasd1111"], "email": "test_email11@mai1231231111l.1com1", "verified": false, "primary": true}}, {"model": "account.emailaddress", "pk": 32, "fields": {"user": ["Admin12312312123123123"], "email": "test_email11@mai1111l.111111123123123", "verified": false, "primary": true}}, {"model": "socialaccount.socialaccount", "pk": 2, "fields": {"user": ["django.uzatte"], "provider": "google", "uid": "103631371511330159522", "last_login": "2021-04-05T17:04:30.295Z", "date_joined": "2021-04-05T17:04:30.295Z", "extra_data": "{\"id\": \"103631371511330159522\", \"email\": \"django.uzatte@gmail.com\", \"verified_email\": true, \"name\": \"\\u0410\\u043b\\u0435\\u043a\\u0441\\u0430\\u043d\\u0434\\u0440 \\u0421\\u043e\\u043a\\u043e\\u043b\\u043e\\u0432\", \"given_name\": \"\\u0410\\u043b\\u0435\\u043a\\u0441\\u0430\\u043d\\u0434\\u0440\", \"family_name\": \"\\u0421\\u043e\\u043a\\u043e\\u043b\\u043e\\u0432\", \"picture\": \"https://lh4.googleusercontent.com/-BGxB_s6_y0M/AAAAAAAAAAI/AAAAAAAAAAA/AMZuucltJAAn8dYkRvfRDrgqZ76ePqo7Uw/s96-c/photo.jpg\", \"locale\": \"ru\"}"}}, {"model": "admin.logentry", "pk": 1, "fields": {"action_time": "2021-03-22T17:11:05.298Z", "user": ["admin"], "content_type": ["flatpages", "flatpage"], "object_id": "1", "object_repr": "/contacts/ -- Контакты", "action_flag": 1, "change_message": "[{\"added\": {}}]"}}, {"model": "admin.logentry", "pk": 2, "fields": {"action_time": "2021-03-22T17:20:06.604Z", "user": ["admin"], "content_type": ["flatpages", "flatpage"], "object_id": "1", "object_repr": "/contacts/ -- Контакты", "action_flag": 2, "change_message": "[{\"changed\": {\"fields\": [\"Template name\"]}}]"}}, {"model": "admin.logentry", "pk": 3, "fields": {"action_time": "2021-03-22T17:23:15.785Z", "user": ["admin"], "content_type": ["flatpages", "flatpage"], "object_id": "2", "object_repr": "/about/ -- О нас", "action_flag": 1, "change_message": "[{\"added\": {}}]"}}, {"model": "admin.logentry", "pk": 4, "fields": {"action_time": "2021-03-22T17:39:03.512Z", "user": ["admin"], "content_type": ["flatpages", "flatpage"], "object_id": "2", "object_repr": "/about/ -- О нас", "action_flag": 2, "change_message": "[{\"changed\": {\"fields\": [\"Template name\"]}}]"}}, {"model": "admin.logentry", "pk": 5, "fields": {"action_time": "2021-03-22T17:39:10.011Z", "user": ["admin"], "content_type": ["flatpages", "flatpage"], "object_id": "1", "object_repr": "/contacts/ -- Контакты", "action_flag": 2, "change_message": "[{\"changed\": {\"fields\": [\"Template name\"]}}]"}}, {"model": "admin.logentry", "pk": 6, "fields": {"action_time": "2021-03-22T17:39:38.873Z", "user": ["admin"], "content_type": ["flatpages", "flatpage"], "object_id": "2", "object_repr": "/about/ -- О нас", "action_flag": 2, "change_message": "[{\"changed\": {\"fields\": [\"Template name\"]}}]"}}, {"model": "admin.logentry", "pk": 7, "fields": {"action_time": "2021-03-22T17:39:53.604Z", "user": ["admin"], "content_type": ["flatpages", "flatpage"], "object_id": "1", "object_repr": "/contacts/ -- Контакты", "action_flag": 2, "change_message": "[{\"changed\": {\"fields\": [\"Template name\"]}}]"}}, {"model": "admin.logentry", "pk": 8, "fields": {"action_time": "2021-03-22T17:41:48.260Z", "user": ["admin"], "content_type": ["flatpages", "flatpage"], "object_id": "2", "object_repr": "/about/ -- О нас", "action_flag": 2, "change_message": "[{\"changed\": {\"fields\": [\"Content\"]}}]"}}, {"model": "admin.logentry", "pk": 9, "fields": {"action_time": "2021-03-22T17:42:06.725Z", "user": ["admin"], "content_type": ["flatpages", "flatpage"], "object_id": "1", "object_repr": "/contacts/ -- Контакты", "action_flag": 2, "change_message": "[{\"changed\": {\"fields\": [\"Content\"]}}]"}}, {"model": "admin.logentry", "pk": 10, "fields": {"action_time": "2021-03-23T08:27:06.479Z", "user": ["admin"], "content_type": ["flatpages", "flatpage"], "object_id": "2", "object_repr": "/about/ -- О нас", "action_flag": 2, "change_message": "[{\"changed\": {\"fields\": [\"Content\"]}}]"}}, {"model": "admin.logentry", "pk": 11, "fields": {"action_time": "2021-03-23T11:12:09.032Z", "user": ["admin"], "content_type": ["flatpages", "flatpage"], "object_id": "2", "object_repr": "/about/ -- О нас", "action_flag": 2, "change_message": "[]"}}, {"model": "admin.logentry", "pk": 12, "fields": {"action_time": "2021-03-23T17:01:20.140Z", "user": ["admin"], "content_type": ["flatpages", "flatpage"], "object_id": "2", "object_repr": "/about/ -- О нас", "action_flag": 2, "change_message": "[{\"changed\": {\"fields\": [\"Content\"]}}]"}}, {"model": "admin.logentry", "pk": 13, "fields": {"action_time": "2021-03-23T17:02:43.049Z", "user": ["admin"], "content_type": ["flatpages", "flatpage"], "object_id": "3", "object_repr": "/delivery/ -- Доставка и оплата", "action_flag": 1, "change_message": "[{\"added\": {}}]"}}, {"model": "admin.logentry", "pk": 14, "fields": {"action_time": "2021-03-23T17:03:23.235Z", "user": ["admin"], "content_type": ["flatpages", "flatpage"], "object_id": "3", "object_repr": "/delivery/ -- Доставка и оплата", "action_flag": 2, "change_message": "[{\"changed\": {\"fields\": [\"Template name\"]}}]"}}, {"model": "admin.logentry", "pk": 15, "fields": {"action_time": "2021-04-05T09:05:51.748Z", "user": ["admin"], "content_type": ["socialaccount", "socialapp"], "object_id": "1", "object_repr": "Google", "action_flag": 1, "change_message": "[{\"added\": {}}]"}}, {"model": "admin.logentry", "pk": 16, "fields": {"action_time": "2021-04-05T09:10:28.808Z", "user": ["admin"], "content_type": ["socialaccount", "socialapp"], "object_id": "1", "object_repr": "Google", "action_flag": 2, "change_message": "[{\"changed\": {\"fields\": [\"Sites\"]}}]"}}, {"model": "admin.logentry", "pk": 17, "fields": {"action_time": "2021-04-05T13:00:09.342Z", "user": ["admin"], "content_type": ["auth", "group"], "object_id": "1", "object_repr": "common users", "action_flag": 1, "change_message": "[{\"added\": {}}]"}}, {"model": "admin.logentry", "pk": 18, "fields": {"action_time": "2021-04-05T13:45:46.686Z", "user": ["admin"], "content_type": ["auth", "group"], "object_id": "2", "object_repr": "seller", "action_flag": 1, "change_message": "[{\"added\": {}}]"}}, {"model": "admin.logentry", "pk": 19, "fields": {"action_time": "2021-04-05T13:51:22.827Z", "user": ["admin"], "content_type": ["auth", "user"], "object_id": "2", "object_repr": "leiveiric", "action_flag": 2, "change_message": "[{\"changed\": {\"fields\": [\"Groups\"]}}]"}}]